编号,创意标题,抖音视频链接
2,装修成这样要花多少钱？输入面积，算一算你家装修报价,https://www.douyin.com/video/7538367951112621339
3,邻居都羡慕的装修风格！京东生活家放大招，一线大牌材料，闭口合同0增项，私信报名,https://www.douyin.com/video/7561349740269538599
4,马上要家装的业主，80平起一律工厂特惠，本地配送上门，送全屋家具+家电!,https://www.douyin.com/video/7567647934720920870
5,装修成这样要花多少钱？输入面积，算一算你家装修报价,https://www.douyin.com/video/7546882672635727167
6,通知：{区县}装修京东生活家一口价，设计+施工+软硬装全包，省心省钱,https://www.douyin.com/video/7559107724978539795
7,马上要家装的业主，80平起一律工厂价，{区县}配送上门，送全屋家具家电,https://www.douyin.com/video/7566495645666757942
8,高颜设计，精湛工艺，不再为装修烦恼，{地点}90-200㎡整装，下方链接领报价+方案,https://www.douyin.com/video/7567656772526181675
9,高颜设计，高品质整装，不再为装修烦恼，{地点}90-200㎡整装，点击领报价+方案,https://www.douyin.com/video/7566206937918967066
10,马上要装修的注意了！安徽合肥厂家正在做优惠装修活动，享工厂直装,https://www.douyin.com/video/7565437970442997035
11,预算=决算，无套路，现在报名立享底价装修+送全屋家具家电！速抢,https://www.douyin.com/video/7561186404298951972
12,装修小白速来~双11免费3套设计还送报价单（附明细）！北京刚需房改造专家~业主好评如潮,https://www.douyin.com/video/7556907096558669082
13,在深圳旧房翻新多少钱？输入房子面积，我来帮你算一算！咨询看看报价，装修才不吃亏,https://www.douyin.com/video/7562025256874020105
14,马上要家装的业主，80平起一律工厂价，{区县}配送上门，送全屋家具家电,https://www.douyin.com/video/7565834442283994409
15,装修小白速来~免费3套设计还送报价单（附明细）！北京刚需房改造专家~业主好评如潮,https://www.douyin.com/video/7523840670037986606
16,高端装修，设计+施工全包，让你省心省钱！,https://www.douyin.com/video/7540572545179847986
17,马上要装修的注意了！安徽合肥厂家正在做优惠装修活动，享工厂直装,https://www.douyin.com/video/7565437971877334326
18,装修成这样要花多少钱？输入面积，算一算你家装修报价,https://www.douyin.com/video/7564705126804360489
19,马上要家装的业主，80平起一律工厂价，{区县}配送上门，送全屋家具+家电!,https://www.douyin.com/video/7566848365670010139
20,预算有限怎么装？免费获取{地点}高性价比装修方案！,https://www.douyin.com/video/7551273042006134062
21,输入您家房子面积，马上算出你家的装修报价！,https://www.douyin.com/video/7551615940497018175
22,在深圳旧房翻新多少钱？输入房子面积，我来帮你算一算！咨询看看报价，装修才不吃亏,https://www.douyin.com/video/7554331712788909362
23,金秋十月装修季，工厂直补重磅加码！免费设计+大牌家电，一步到位。,https://www.douyin.com/video/7564747365966531883
24,工厂在{区县}，全屋装修70m²起一律工厂价，免费设计+配送安装,https://www.douyin.com/video/7560521976993828106
25,马上要家装的业主，80平起一律工厂价，{区县}配送上门，送全屋家具家电,https://www.douyin.com/video/7565006737376283950
26,高端装修，设计+施工全包，让你省心省钱！,https://www.douyin.com/video/7538724328104299817
27,马上要家装的业主，80平起一律工厂特惠，本地配送上门，送全屋家具+家电!,https://www.douyin.com/video/7567221824405245193
28,老房翻新太贵太麻烦？一站式全屋整装，0增项闭口合同，免费获取方案和报价单,https://www.douyin.com/video/7527200687747386678
29,在深圳旧房翻新多少钱？输入房子面积，我来帮你算一算！咨询看看报价，装修才不吃亏,https://www.douyin.com/video/7554331719294258442
30,高品质整装，不再为装修烦恼，{地点}业主预约报名可领取审核报价+方案规划！,https://www.douyin.com/video/7562094220819959081
31,通知：{区县}装修京东生活家一口价，设计+施工+软硬装全包，省心省钱,https://www.douyin.com/video/7566087540839664932
32,在深圳旧房翻新多少钱？输入房子面积，我来帮你算一算！咨询看看报价，装修才不吃亏,https://www.douyin.com/video/7563508301586074918
33,轻奢风装修，100平米需要多少钱？输入面积获取报价,https://www.douyin.com/video/7567310706681384235
34,靠谱！{地点}真正的口碑整装，提供一站式全包的省心装修服务，售后有保障！,https://www.douyin.com/video/7543157277126151478
35,锁定十月，锁定全年最低！工厂价+免费设计+家电大礼包，装修福利一站配齐,https://www.douyin.com/video/7562406547515510025
36,通知：{区县}旧房翻新报价费用表，48天全搞定，输入面积，领取报价,https://www.douyin.com/video/7566937791297342729
37,高品质整装就选方林装饰，一口价闭口合同，全程无恶意增项，一线品牌直供，透明省心！,https://www.douyin.com/video/7566895032473619758
38,在本地：老房装修需要多少钱，一口价0增项，报名免费算报价,https://www.douyin.com/video/7550624771449359657
39,通知：最新整装报价已出，输入面积，免费获取你家装修报价,https://www.douyin.com/video/7530474135676357915
40,装修小白速来~免费3套设计还送报价单（附明细）！北京刚需房改造专家~业主好评如潮,https://www.douyin.com/video/7553567202503445798
41,无套路!上海一价全包装修无增项，还送家具家电礼!,https://www.douyin.com/video/7535241319304760595
42,长沙装修一套房子要花多少钱？输入面积，获取优惠报价,https://www.douyin.com/video/7568021943354477870
43,通知：本地装修，毛坯房，包工包料包家具家电，赶紧咨询！,https://www.douyin.com/video/7551170278760402219
44,领了这份装修效果图，装修起来超级省心，一键获取报价,https://www.douyin.com/video/7566211880365116678
45,高品质整装，不再为装修烦恼，{地点}业主预约报名可领取审核报价+方案规划！,https://www.douyin.com/video/7561056702234168622
46,马上要装修的注意了！安徽合肥厂家正在做优惠装修活动，享工厂直装,https://www.douyin.com/video/7564747369363901759
47,高品质整装，不再为装修烦恼，{地点}业主预约报名可领取审核报价+方案规划！,https://www.douyin.com/video/7564715347631246628
48,重磅福利！轩怡威哥限量征集样板间，老板亲自陪同量房+金牌设计师免费3套方案！名额有限，点击私信威哥咨询！,https://www.douyin.com/video/7560577701757685007
49,工厂在{区县}，全屋装修70m²起一律工厂价，免费设计+配送安装,https://www.douyin.com/video/7564299080948665650
50,通知：{区县}旧房翻新报价费用表，48天全搞定，输入面积，领取报价,https://www.douyin.com/video/7540592009078164755
51,上海{区县}本月装修报价已更新！来看看你家装修需要多少钱？,https://www.douyin.com/video/7559496995384167722
52,项目：整装/翻新一站式全包装修服务咨询：查{地点}2025价目表,https://www.douyin.com/video/7562094214356454697
53,通知：{区县}旧房翻新报价费用表，48天全搞定，输入面积，领取报价,https://www.douyin.com/video/7563898044781956403
54,装修设计，一站式服务，让家更有品味！,https://www.douyin.com/video/7561993932981144875
55,在北京，不管毛坯装修还是旧房翻新，都不要超过这个价！先看看报价，装修才不吃亏,https://www.douyin.com/video/7546134298177424679
56,马上要家装的业主，80平起一律工厂价，{区县}配送上门，送全屋家具家电,https://www.douyin.com/video/7565719271989382406
57,软装+硬装一站式整装全包，{区县}内装修全包低至工厂价，在线咨询,https://www.douyin.com/video/7565719515741326634
58,马上要家装的业主，80平起一律工厂特惠，本地配送上门，送全屋家具+家电!,https://www.douyin.com/video/7564711761207692585
59,铁锤装修，不允许任何恶意增项！害怕被坑，找铁锤更靠谱；找我领取装修报价明细表，,https://www.douyin.com/video/7554974986176400650
60,马上要家装的业主，80平起一律工厂价，{区县}配送上门，送全屋家具家电,https://www.douyin.com/video/7564747366721539371
61,马上要装修的注意了！安徽合肥厂家正在做优惠装修活动，享工厂直装,https://www.douyin.com/video/7565719283783716139
62,装修成这样要花多少钱？输入面积，算一算你家装修报价,https://www.douyin.com/video/7514969995248504127
63,近期有需求的业主赶紧看看！先领设计礼包，设计满意再定制！,https://www.douyin.com/video/7526523964311538990
64,靠谱！{地点}真正的口碑整装，提供一站式全包的省心装修服务，售后有保障！,https://www.douyin.com/video/7561736608400084267
65,装修成这样要花多少钱？输入面积，算一算你家装修报价,https://www.douyin.com/video/7522517771255582015
66,通知：{地点}真正的口碑全包整装，一口价，包拆除，包整装！下方联系我们，免费获取报价,https://www.douyin.com/video/7549479611504151844
67,"活动：在本地装修不加价再送全屋软装+家具家电,附2025装修清单",https://www.douyin.com/video/7526523975275416882
68,厂在安徽合肥，全屋整装一律工厂价，送家电，{区县}可预约看样板房,https://www.douyin.com/video/7563957421723405594
69,输入面积，预约报名设计师一对一领报价清单！杜绝装修陷阱,https://www.douyin.com/video/7524560467742772521
70,"活动：在本地装修不加价再送全屋软装+家具家电,附2025装修清单",https://www.douyin.com/video/7550142641283878153
71,马上要家装的业主，80平起一律工厂价，{区县}配送上门，送全屋家具+家电!,https://www.douyin.com/video/7546500794825067803
72,输入您家房子面积，马上算出你家的装修报价！,https://www.douyin.com/video/7546141934088178995
73,装修新房，16天入住？还送全屋家具！现在报名立省好几万！,https://www.douyin.com/video/7561737322883058954
74,通知：{区县}装修大促，千万别错过，全城征集36套样板房,https://www.douyin.com/video/7542423887183645993
75,马上要家装的业主，80平起一律工厂特惠，{区县}配送上门，送全屋家具+家电!,https://www.douyin.com/video/7568033032234339625
76,还在为装修发愁？这里有一份装修设计方案，免费获取装修报价！,https://www.douyin.com/video/7522046707224333595
77,紧急通知：马上要装修的业主，{区县}毛坯房装修活动，赶紧预约！,https://www.douyin.com/video/7560620689888152868
78,厂在{区县}，全屋整装一律工厂价，签约送家电，{区县}可看样板间！,https://www.douyin.com/video/7554987026060201279
79,马上要家装的业主，80平起一律工厂价，{区县}配送上门，送全屋家具+家电!,https://www.douyin.com/video/7547349897272397097
80,通知：{区县}旧房翻新一口价，设计+施工+软硬装全包，省心省钱,https://www.douyin.com/video/7562078102227078426
81,高性价比的装修加上先装修后付款，让你的装修省心又放心,https://www.douyin.com/video/7546611820472159515
82,铁锤装修，不允许任何恶意增项！害怕被坑，找铁锤更靠谱；找我领取装修报价明细表，,https://www.douyin.com/video/7545753218970553626
83,厂就在{区县}，全屋整装一律工厂价，包工包料50年质保，可看样板间,https://www.douyin.com/video/7561737318231510318
84,装修怕踩坑？私信正直姐获取装修报价单，粉丝亲自量房，算算您家装修要多少钱？,https://www.douyin.com/video/7566507790500367670
85,马上要家装的业主，70平起一律工厂价，{区县}配送上门，送装修礼包,https://www.douyin.com/video/7564747377202957609
86,装修小白速来~免费3套设计还送报价单（附明细）！北京刚需房改造专家~业主好评如潮,https://www.douyin.com/video/7527970264328555785
87,算一算，在{地点}装修一套房子要花多少钱？左滑视频，立即报价！,https://www.douyin.com/video/7558292144121728292
88,集5套样板间，享专属优惠福利，施工全程监督把关，立即进入直播间报名！,https://www.douyin.com/video/7526073677083839780
89,装修小白速来~免费3套设计！还送报价单（附明细）！刚需房改造专家~北京业主好评如潮,https://www.douyin.com/video/7517632592133262642
90,家是温暖的港湾 装下两代人的幸福～ #北京装修 #家的样子 #北京装修设计,https://www.douyin.com/video/7530561218903002414
91,输入面积户型，来我直播间算底价,https://www.douyin.com/video/7553206475854859563
92,选择的时候，不要看怎么说的看，要看怎么做的#装修 #贵州装修 #装修避坑 #左小青隐藏的装修达人 #贵州老杨,https://www.douyin.com/video/7562498732269342002
93,装修怕踩坑？私信许愿获取装修报价单，粉丝亲自量房，算算您家装修要多少钱？,https://www.douyin.com/video/7502023359278910771
94,马上要家装的业主，80平起一律工厂价，{区县}配送上门，送全屋家具家电,https://www.douyin.com/video/7567599720613367049
95,长沙装修一套房子要花多少钱？输入面积，获取优惠报价,https://www.douyin.com/video/7514279734956641545
96,靠谱！{地点}真正的口碑整装，提供一站式全包的省心装修服务，售后有保障！,https://www.douyin.com/video/7561371924526304555
97,装修小白速来~免费3套设计还送报价单（附明细）！北京刚需房改造专家~业主好评如潮,https://www.douyin.com/video/7502372515403042059
98,锁定十月，锁定全年最低！工厂价+免费设计+家电大礼包，装修福利一站配齐,https://www.douyin.com/video/7565086057830681882
99,征集上海业主免费设计~还送装修报价单，快来领取#上海装修,https://www.douyin.com/video/7536135994790202687
100,预约爆了！{月份}装修大促，{地点}合家和征集样板间60套，一站式全包，90天拎包入住~,https://www.douyin.com/video/7541238115634056484
101,还为装修烦恼？这里免费提供装修方案，让您的家更有格调！,https://www.douyin.com/video/7564984853167394054
102,淄博装修，免费量房、免费出方案，免费出报价！私信走心姐！,https://www.douyin.com/video/7565769278025108799
103,老婆说第二套房也要这么装！真的又美又划算！{地点}{月份}整装大促,https://www.douyin.com/video/7566957007723433257
104,马上要家装的业主，70平起一律工厂价，{区县}配送上门，送装修礼包,https://www.douyin.com/video/7564747365815536932
105,马上要家装的业主，80平起一律工厂价，{区县}配送上门，送全屋家具+家电!,https://www.douyin.com/video/7535267231324785961
106,都说岚庭卷，我们卷的是品质，卷的是服务，卷的是售后,https://www.douyin.com/video/7536516568553884980
107,老婆说第二套房也要这么装！真的又美又划算！{地点}{月份}尚海整装大促，私信预约设计师,https://www.douyin.com/video/7551632867143503147
108,马上要家装的业主，80平起一律工厂价，{区县}配送上门，送全屋家具家电,https://www.douyin.com/video/7565010431559945513
109,紧急通知：马上要装修的业主，{区县}毛坯房装修半价活动，赶紧预约！,https://www.douyin.com/video/7551256385434946825
110,马上要家装的业主，70平起一律工厂价，{区县}配送上门，送装修礼包,https://www.douyin.com/video/7565719507331829055
111,装修小白速来~免费3套设计！还送报价单（附明细）！刚需房改造专家~天津业主好评如潮,https://www.douyin.com/video/7530553889909787914
112,通知：本地装修，毛坯房，包工包料送家电，赶紧咨询！,https://www.douyin.com/video/7555023368336985363
113,昆明装修，免费量房、免费出方案，免费出报价！私信成哥！,https://www.douyin.com/video/7559154234160172347
114,毛坯整装活动：一价全包，无增项，私信了解你家装修需要多少钱？,https://www.douyin.com/video/7533428153793006911
115,厂在{区县}，全屋整装一律工厂价，质保50年，{区县}送货上门+安装,https://www.douyin.com/video/7563209920720407817
116,高端家装设计，免费户型设计，免费量房！,https://www.douyin.com/video/7566261513552547115
117,长沙装修一套房子要花多少钱？输入面积，获取优惠报价,https://www.douyin.com/video/7514645014786428214
118,马上要家装的业主，70平起一律工厂特惠，{区县}配送上门，送全屋家具+家电!,https://www.douyin.com/video/7561283116308991271
119,高品质整装就选方林装饰，一口价闭口合同，全程无恶意增项，一线品牌直供，透明省心！,https://www.douyin.com/video/7567200827153075462
120,近期装修的业主，70㎡起就可满足工厂家装活动，厂家价精装一套房,https://www.douyin.com/video/7565809521319284014
121,还没装修的业主朋友们，是否还在为您家的装修风格操心？立即咨询！,https://www.douyin.com/video/7530825745912859914
122,紧急通知：马上要装修的业主，{区县}毛坯房装修活动，赶紧预约！,https://www.douyin.com/video/7564256871930940715
123,领了这份装修效果图，装修起来超级省心，一键获取报价,https://www.douyin.com/video/7566895014928747786
124,进直播间免费设计+获取报价，不管毛坯还是翻新，超过这个价就亏了！,https://www.douyin.com/video/7550937904982314294
125,厂在{区县}，质保50年，全屋整装一律工厂价，{区县}送货上门+安装,https://www.douyin.com/video/7538027933634497833
126,大同装修，免费量房、免费出方案，免费出报价！私信老李！,https://www.douyin.com/video/7566134689493241107
127,马上要家装的业主，70平起一律工厂价，{区县}配送上门，送装修礼包,https://www.douyin.com/video/7566471497288568107
128,马上要家装的业主，80平起一律工厂特惠，{区县}配送上门，送全屋家具+家电!,https://www.douyin.com/video/7562103726274563370
129,通知：{区县}旧房翻新报价费用表，48天全搞定，输入面积，领取报价,https://www.douyin.com/video/7516798767882915135
130,通知：{区县}旧房翻新一口价，设计+施工+软硬装全包，省心省钱,https://www.douyin.com/video/7523137766335450409
131,高端装修，设计+施工全包，让你省心省钱！,https://www.douyin.com/video/7559154985435417882
132,装修小白速来~免费3套设计还送报价单（附明细）！北京刚需房改造专家~业主好评如潮,https://www.douyin.com/video/7554340904778091814
133,装修一步到位！抢工厂家装福利活动，精装修省工省时，年底前入住新家,https://www.douyin.com/video/7565851847722913066
134,马上要家装的业主，80平起一律工厂特惠，{区县}配送上门，送全屋家具+家电!,https://www.douyin.com/video/7530463173548264731
135,马上要家装的业主，80平起一律工厂价，{区县}配送上门，送全屋家具家电,https://www.douyin.com/video/7565834436600712490
136,装修超过这个价你就亏了！输入面积，免费获取2025装修报价+设计方案！,https://www.douyin.com/video/7532396884778929471
137,紧急通知：马上要装修的业主，{区县}毛坯房装修活动，赶紧预约！,https://www.douyin.com/video/7543098513643621683
138,装修别着急，先免费查看报价，装修0增项，家装省心又省钱！,https://www.douyin.com/video/7550142615551888650
139,通知：{地点}全屋装修80㎡以上，直播间预约领总部7折补贴，还送0元户型设计,https://www.douyin.com/video/7562094079350197514
140,锁定装修优惠！主材套餐+品牌家电优惠大放送，现在装修，年前住新家！,https://www.douyin.com/video/7565851544269147402
141,选择超凡装饰，装修不再困扰！全包0增项，免费量房设计！先享服务后定装修，不容踩坑！,https://www.douyin.com/video/7552102277855628594
142,装修公司哪家小张总？全包装修，小张总亲自量房，给您出方案报价,https://www.douyin.com/video/7540141481214971163
143,高品质整装，不再为装修烦恼，{地点}业主预约报名可领取审核报价+方案规划！,https://www.douyin.com/video/7567228089114168602
144,错过后悔！{地点}方林全包装修放大招，一价全包多项免费，点击获取报价！,https://www.douyin.com/video/7546865312185077035
145,工厂在安徽合肥，全屋整装一律工厂价，签约送家电，可看样板间,https://www.douyin.com/video/7527192525879201074
146,湖北武汉全屋整装工厂，80平起一律工厂价，{区县}配送上门，送家具家电！,https://www.douyin.com/video/7546171846660525338
147,马上要家装的业主，80平起一律工厂价，{区县}配送上门，送全屋家具家电,https://www.douyin.com/video/7567599605676838187
148,选京东生活家，150㎡全屋高品质整装多少钱？领取新家规划方案,https://www.douyin.com/video/7565732723168398638
149,装修补贴抓紧抢！十大品牌让利月底落幕！工厂直补优惠错过等一年,https://www.douyin.com/video/7552753241252039955
150,马上要装修的注意了！安徽合肥厂家正在做优惠装修活动，享工厂直装,https://www.douyin.com/video/7567605902413516042
151,这份装修报价不容错过！输入面积，获取装修报价！,https://www.douyin.com/video/7524560690904911158
152,锦旗+1！最好的认可！业主说：实在人，办事靠谱！ #装修 #广州装修 #佛山装修 #毛坯房装修 #旧房整改,https://www.douyin.com/video/7546080069287054611
153,大连装修，免费量房、免费出方案，免费出报价！私信大王哥！,https://www.douyin.com/video/7529481024292556084
154,紧急通知！毛坯房业主福利：全屋整装工厂优惠活动，还送全屋家具+家电!,https://www.douyin.com/video/7564728805076536602
155,通知：保定业主的装修福利，装修送家具家电，包施工+主辅材+灯具窗帘，名额有限先到先得,https://www.douyin.com/video/7567717824811093275
156,马上要家装的业主，70平起一律工厂价，{区县}配送上门，送装修礼包,https://www.douyin.com/video/7566867873184910601
157,工厂就在{区县}，全屋整装工厂直装，一律工厂价，厂家配送上门+安装,https://www.douyin.com/video/7551333440310791462
158,靠谱！西安真正的口碑全包整装，一价全包+拎包入住，装修效果超好！,https://www.douyin.com/video/7546138679476096283
159,装修小白速来~免费3套设计还送报价单！北京刚需房改造专家~业主好评如潮,https://www.douyin.com/video/7565720006864981267
160,餐饮店铺装修，不管是全包还是半包，超过这个价就亏了！输入面积，可查价,https://www.douyin.com/video/7564972614662376710
161,在北京{区县}，不管你家是毛坯房还是旧房翻新，超过这个价格就亏了！,https://www.douyin.com/video/7541939170600602922
162,马上要家装的业主，80平起一律工厂价，{区县}配送上门，送装修礼包,https://www.douyin.com/video/7564711762864524586
163,通知：{区县}新房装修/旧房翻新报价费用表，立即咨询，免费领取！,https://www.douyin.com/video/7560541219961523483
164,"在南京急寻装修用户,全程0增项闭口合同，周懂特惠价格，买贵还包退！",https://www.douyin.com/video/7530470943945149746
165,装修装饰设计，一站式服务，让您的家更有品味！,https://www.douyin.com/video/7563235933139635498
166,您装修要性价比，我们给！而且我们还能给到质价比！点击私信，立即了解价格！,https://www.douyin.com/video/7547015952014052644
167,郑州装修：开工价=竣工价！闭口合同0增项，点击领方案报价！,https://www.douyin.com/video/7536807086689226026
168,靠谱！{地点}真正的口碑整装，提供一站式全包的省心装修服务，售后有保障！,https://www.douyin.com/video/7563940156084866346
169,近期有需求的业主赶紧看看！先领设计礼包，设计满意再定制！,https://www.douyin.com/video/7545372211507416361
170,襄阳毛坯房整装，80㎡起一律工厂价装修，厂在{区县}，包安装+送家电,https://www.douyin.com/video/7563122081077038399
171,这家装修设计公司火了！超多家庭装修风格，不被坑！,https://www.douyin.com/video/7565752271238122815
172,装修不花冤枉钱！#{月份}定装修，下定送万元豪礼，立即报名,https://www.douyin.com/video/7544266411284122922
173,装修别着急，先免费查看报价，装修0增项，家装省心又省钱！,https://www.douyin.com/video/7548729832717274395
174,高颜设计，高品质整装，不再为装修烦恼，90-200㎡整装，点击领报价+方案,https://www.douyin.com/video/7552117536129551643
175,选择深度装饰，享受终身维护保障！不管什么时候，您的家有任何问题，我们都为您解决到底！,https://www.douyin.com/video/7561389768891321619
176,选京东生活家，150㎡全屋高品质整装多少钱？私信领取新家规划方案,https://www.douyin.com/video/7556101249532284199
177,重磅福利！轩怡威哥限量征集样板间，老板亲自陪同量房+金牌设计师免费3套方案！名额有限，点击私信威哥咨询！,https://www.douyin.com/video/7565721920222678313
178,马上要家装的业主，70平起一律工厂价，{区县}配送上门，送装修礼包,https://www.douyin.com/video/7565848826934824201
179,马上要家装的业主，80平起一律工厂价，{区县}配送上门，送全屋家具家电,https://www.douyin.com/video/7543540395624385846
180,装修前必看！今朝装饰一站式整装一站式服务终身质保！,https://www.douyin.com/video/7551677430113602879
181,通知：{区县}旧房翻新报价费用表，48天全搞定，输入面积，领取报价,https://www.douyin.com/video/7564335947802856740
182,苏州装修，免费量房、免费出方案，免费出报价！私信老吴！,https://www.douyin.com/video/7546480806865210676
183,马上要家装的业主，70平起一律工厂价，{区县}配送上门，送装修礼包,https://www.douyin.com/video/7566530552233331974
184,装修前必看！先装修后付款，更有免费设计方案！,https://www.douyin.com/video/7541702651772718363
185,广西南宁工厂，找厂家装修一律工厂价，快装快住，还送家具家电！,https://www.douyin.com/video/7562757279645224246
186,通知：{区县}旧房翻新报价费用表，48天全搞定，输入面积，领取报价,https://www.douyin.com/video/7553625044585368873
187,装修怕踩坑？私信二哥获取装修报价单，粉丝亲自量房，算算您家装修要多少钱？,https://www.douyin.com/video/7559422167918611721
188,装修，不管是全包装修还是半包，超过这个价你就亏了！,https://www.douyin.com/video/7562101509404527914
189,预约爆了！{月份}装修大促，{地点}合家和征集样板间60套，一站式全包，90天拎包入住~,https://www.douyin.com/video/7541341099609099563
190,马上要家装的业主，80平起一律工厂价，{区县}配送上门，送全屋家具+家电!,https://www.douyin.com/video/7548385371504020755
191,铁锤承诺：开工前送您一把“铁锤”！您家不合格可以直接砸！,https://www.douyin.com/video/7521688002599341375
192,高品质整装，不再为装修烦恼，{地点}业主预约报名可领取审核报价+方案规划！,https://www.douyin.com/video/7564736185365450030
193,在深圳旧房翻新多少钱？输入房子面积，我来帮你算一算！咨询看看报价，装修才不吃亏,https://www.douyin.com/video/7554342673910402346
194,高颜值设计，高品质整装，不再为装修烦恼，{地点}90-200㎡整装，点击领报价+方案,https://www.douyin.com/video/7533865887527374126
195,马上要家装的业主，80平起一律工厂特惠，本地配送上门，送全屋家具+家电!,https://www.douyin.com/video/7567221829744577838
196,"在南阳急寻装修用户,全程0增项闭口合同，闫哥特惠价格，买贵还包退！",https://www.douyin.com/video/7556204070488755466
197,"重装二手房,土巴兔为你空投详细装修攻略!",https://www.douyin.com/video/7566205706643197211
198,装修小白速来~免费3套设计！还送报价单（附明细）！刚需房改造专家~天津业主好评如潮,https://www.douyin.com/video/7531972373692665151
199,近期装修享优惠！上海品牌工厂价装修，48天入住新家，位置在松江,https://www.douyin.com/video/7565853195499572499
200,预算=决算，无套路，现在报名立享底价装修+送全屋家具家电！速抢,https://www.douyin.com/video/7552003698914823450
201,来粉丝家开工，粉丝的认可就是段师姐努力做好的动力！#长沙装修#先装修后付款  #装修开工大吉#喜客喜装饰,https://www.douyin.com/video/7562074785962822939
